{
    "Results": {
        "One In The Middle: [1, 1, 1, 0, 1, 1, 1]": {
            "Tennis": {
                "Piecewise Linear": {
                    "total error": 1.6457027656418273,
                    "num cases": 470.0,
                    "average error": 0.003501495246046441
                },
                "Cubic Spline": {
                    "total error": 1.6560903913781806,
                    "num cases": 470.0,
                    "average error": 0.0035235965774003844
                },
                "Newton": {
                    "total error": 1.6957032474551208,
                    "num cases": 470.0,
                    "average error": 0.0036078792499045125
                },
                "Quintic Spline": {
                    "total error": 1.6957032474551204,
                    "num cases": 470.0,
                    "average error": 0.003607879249904511
                }
            },
            "Soccer": {
                "Piecewise Linear": {
                    "total error": 0.0792142896105592,
                    "num cases": 115.0,
                    "average error": 0.0006888199096570365
                },
                "Cubic Spline": {
                    "total error": 0.09963609371224807,
                    "num cases": 115.0,
                    "average error": 0.0008664008148891137
                },
                "Newton": {
                    "total error": 0.10345878566076887,
                    "num cases": 115.0,
                    "average error": 0.0008996416144414684
                },
                "Quintic Spline": {
                    "total error": 0.10345878566076595,
                    "num cases": 115.0,
                    "average error": 0.0008996416144414431
                }
            }
        },
        "Two In The Middle: [1, 1, 1, 0, 0, 1, 1, 1]": {
            "Tennis": {
                "Piecewise Linear": {
                    "total error": 4.941457269417517,
                    "num cases": 469.0,
                    "average error": 0.010536156224770827
                },
                "Cubic Spline": {
                    "total error": 4.347982942669898,
                    "num cases": 469.0,
                    "average error": 0.009270752543006178
                },
                "Newton": {
                    "total error": 4.7099771981172145,
                    "num cases": 469.0,
                    "average error": 0.010042595305153975
                },
                "Quintic Spline": {
                    "total error": 4.709977198117198,
                    "num cases": 469.0,
                    "average error": 0.01004259530515394
                }
            },
            "Soccer": {
                "Piecewise Linear": {
                    "total error": 0.1941906492357895,
                    "num cases": 115.0,
                    "average error": 0.0016886143411807782
                },
                "Cubic Spline": {
                    "total error": 0.2504024755452345,
                    "num cases": 115.0,
                    "average error": 0.002177412830828126
                },
                "Newton": {
                    "total error": 0.27910341719689497,
                    "num cases": 115.0,
                    "average error": 0.0024269862364947386
                },
                "Quintic Spline": {
                    "total error": 0.2791034171968919,
                    "num cases": 115.0,
                    "average error": 0.002426986236494712
                }
            }
        },
        "Medium Gap: [1, 1, 1, 0, 0, 0, 1, 1, 1]": {
            "Tennis": {
                "Piecewise Linear": {
                    "total error": 10.988191121435614,
                    "num cases": 463.0,
                    "average error": 0.023732594214763744
                },
                "Cubic Spline": {
                    "total error": 8.346859903642983,
                    "num cases": 463.0,
                    "average error": 0.018027775169855254
                },
                "Newton": {
                    "total error": 9.140745738455074,
                    "num cases": 463.0,
                    "average error": 0.019742431400550917
                },
                "Quintic Spline": {
                    "total error": 9.140745738455086,
                    "num cases": 463.0,
                    "average error": 0.01974243140055094
                }
            },
            "Soccer": {
                "Piecewise Linear": {
                    "total error": 0.3395065302870866,
                    "num cases": 115.0,
                    "average error": 0.002952230698148579
                },
                "Cubic Spline": {
                    "total error": 0.42035383314324304,
                    "num cases": 115.0,
                    "average error": 0.003655250722984722
                },
                "Newton": {
                    "total error": 0.48566935381231735,
                    "num cases": 115.0,
                    "average error": 0.0042232117722810205
                },
                "Quintic Spline": {
                    "total error": 0.4856693538123188,
                    "num cases": 115.0,
                    "average error": 0.004223211772281033
                }
            }
        },
        "Big Gap: [1, 1, 1, 1, 0, 0, 0, 0, 1, 1, 1, 1]": {
            "Tennis": {
                "Piecewise Linear": {
                    "total error": 18.96457776416984,
                    "num cases": 454.0,
                    "average error": 0.041772197718435766
                },
                "Cubic Spline": {
                    "total error": 13.535465466173603,
                    "num cases": 454.0,
                    "average error": 0.02981380058628547
                },
                "Newton": {
                    "total error": 18.169976992727726,
                    "num cases": 454.0,
                    "average error": 0.04002197575490689
                },
                "Quintic Spline": {
                    "total error": 15.909725757146715,
                    "num cases": 454.0,
                    "average error": 0.03504344880428792
                }
            },
            "Soccer": {
                "Piecewise Linear": {
                    "total error": 0.5823041435576314,
                    "num cases": 115.0,
                    "average error": 0.00506351429180549
                },
                "Cubic Spline": {
                    "total error": 0.5807156043033634,
                    "num cases": 115.0,
                    "average error": 0.005049700906985769
                },
                "Newton": {
                    "total error": 0.8824578765678088,
                    "num cases": 115.0,
                    "average error": 0.007673546752763555
                },
                "Quintic Spline": {
                    "total error": 0.751613217818652,
                    "num cases": 115.0,
                    "average error": 0.006535767111466539
                }
            }
        },
        "Missing Gaps: [1, 1, 0, 1, 1, 0, 1, 1, 0, 1, 1]": {
            "Tennis": {
                "Piecewise Linear": {
                    "total error": 5.053479736531554,
                    "num cases": 459.0,
                    "average error": 0.01100975977457855
                },
                "Cubic Spline": {
                    "total error": 4.9810594093979,
                    "num cases": 459.0,
                    "average error": 0.010851981284091285
                },
                "Newton": {
                    "total error": 9.187091341554261,
                    "num cases": 459.0,
                    "average error": 0.02001544954586985
                },
                "Quintic Spline": {
                    "total error": 6.464767494942679,